{"cameraMode":{"drawMode":0,"name":"Shaded","section":"Shading Mode"},"sceneLighting":true,"audioPlay":false,"sceneViewState":{"m_AlwaysRefresh":false,"showFog":true,"showSkybox":true,"showFlares":true,"showImageEffects":true,"showParticleSystems":true,"showVisualEffectGraphs":true,"m_FxEnabled":true},"in2DMode":false,"pivot":{"x":-0.4761543869972229,"y":0.6319565773010254,"z":0.5341819524765015},"rotation":{"x":0.011450567282736302,"y":0.8983026742935181,"z":-0.4386034607887268,"w":0.023451928049325944},"size":3.1326019763946535,"orthographic":false}